Modelo,MSI,Desinencia,inflex_reg,cambio_raiz,forma
amar,VMIS2S0V0,astes,ar,,amastes
amar,VMSF2S0V0,ares,ar,,amares
amar,VMSI2S0V0,aras,ar,,amaras
amar,VMSI2S0V0,ases,ar,,amases
amar,VMSF2S0T0,ares,ar,,amares
amar,VMSI2S0T0,aras,ar,,amaras
amar,VMSI2S0T0,ases,ar,,amases
amar,VMIF2S0T0,arás,ar,,amarás
amar,VMIF2S0V0,arás,ar,,amarás
amar,VMII2S0T0,abas,ar,,amabas
amar,VMII2S0V0,abas,ar,,amabas
amar,VMIC2S0U0,aría,ar,,amaría
amar,VMIF2S0U0,ará,ar,,amará
amar,VMII2S0U0,aba,ar,,amaba
amar,VMIS2S0U0,ó,ar,,amó
amar,VMSF2S0U0,are,ar,,amare
amar,VMSI2S0U0,ara,ar,,amara
amar,VMSI2S0U0,ase,ar,,amase
amar,VMSP2S0U0,e,ar,,ames
amar,VMSP3S000,e,ar,,ame
amar,VMSP3P000,en,ar,,amen
amar,VMSP1S000,e,ar,,ame
amar,VMSP1P000,emos,ar,,amemos
amar,VMSI3S000,ara,ar,,amara
amar,VMSI3S000,ase,ar,,amase
amar,VMSI3P000,aran,ar,,amaran
amar,VMSI3P000,asen,ar,,amasen
amar,VMSI1S000,ara,ar,,amara
amar,VMSI1S000,ase,ar,,amase
amar,VMSI1P000,áramos,ar,,amáramos
amar,VMSI1P000,ásemos,ar,,amásemos
amar,VMSF3S000,are,ar,,amare
amar,VMSF3P000,aren,ar,,amaren
amar,VMSF1S000,are,ar,,amare
amar,VMSF1P000,áremos,ar,,amáremos
amar,VMP000000,ado,ar,,amado
amar,VMM03S000,e,ar,,ame
amar,VMM03P000,en,ar,,amen
amar,VMM01P000,emos,ar,,amemos
amar,VMIS3S000,ó,ar,,amó
amar,VMIS3P000,aron,ar,,amaron
amar,VMIS1S000,e,ar,,amé
amar,VMIS1P000,amos,ar,,amamos
amar,VMIP3S000,a,ar,,ama
amar,VMIP3P000,an,ar,,aman
amar,VMIP1S000,o,ar,,amo
amar,VMIP1P000,amos,ar,,amamos
amar,VMII3S000,aba,ar,,amaba
amar,VMII3P000,aban,ar,,amaban
amar,VMII1S000,aba,ar,,amaba
amar,VMII1P000,ábamos,ar,,amábamos
amar,VMIF3S000,ará,ar,,amará
amar,VMIF3P000,arán,ar,,amarán
amar,VMIF1S000,aré,ar,,amaré
amar,VMIF1P000,aremos,ar,,amaremos
amar,VMIC3S000,aría,ar,,amaría
amar,VMIC3P000,arían,ar,,amarían
amar,VMIC1S000,aría,ar,,amaría
amar,VMIC1P000,aríamos,ar,,amaríamos
amar,VMG000000,ando,ar,,amando
amar,VMIC2P0B0,aríais,ar,,amaríais
amar,VMIC2P0W0,arían,ar,,amarían
amar,VMIC2S0T0,aríai,ar,,amaríai
amar,VMIC2S0T0,arías,ar,,amarías
amar,VMIC2S0V0,arías,ar,,amarías
amar,VMIF2P0B0,aréis,ar,,amaréis
amar,VMIF2P0W0,arán,ar,,amarán
amar,VMIF2S0T0,aréi,ar,,amaréi
amar,VMII2P0B0,abais,ar,,amabais
amar,VMII2P0W0,aban,ar,,amaban
amar,VMII2S0T0,abai,ar,,amabai
amar,VMIP2P0B0,áis,ar,,amáis
amar,VMIP2P0W0,an,ar,,aman
amar,VMIP2S0T0,ai,ar,,amai
amar,VMIP2S0T0,as,ar,,amas
amar,VMIP2S0U0,a,ar,,ama
amar,VMIP2S0V0,ás,ar,,amás
amar,VMIS2P0B0,asteis,ar,,amasteis
amar,VMIS2P0W0,aron,ar,,amaron
amar,VMIS2S0T0,aste,ar,,amaste
amar,VMIS2S0T0,astei,ar,,amastei
amar,VMIS2S0V0,aste,ar,,amaste
amar,VMM02P0B0,ad,ar,,amad
amar,VMM02P0W0,en,ar,,amen
amar,VMM02S0T0,a,ar,,ama
amar,VMM02S0U0,e,ar,,ame
amar,VMM02S0V0,á,ar,,amá
amar,VMSF2P0B0,areis,ar,,amareis
amar,VMSF2P0W0,aren,ar,,amaren
amar,VMSI2P0B0,árais,ar,,amárais
amar,VMSI2P0B0,áseis,ar,,amáseis
amar,VMSI2P0W0,aran,ar,,amaran
amar,VMSI2P0W0,asen,ar,,amasen
amar,VMSI2S0T0,árai,ar,,amárai
amar,VMSI2S0T0,ásei,ar,,amásei
amar,VMSP2P0B0,éis,ar,,améis
amar,VMSP2P0W0,en,ar,,amen
amar,VMSP2S0T0,éi,ar,,améi
amar,VMSP2S0T0,es,ar,,ames
amar,VMSP2S0V0,es,ar,,ames
estar,VMIP2S0U0,está,estar,,está
estar,VMIS2S0U0,estuvo,estar,,estuvo
estar,VMSF2S0U0,estuvieres,estar,,estuvieres
estar,VMSI2S0U0,estuviera,estar,,estuviera
estar,VMSI2S0U0,estuviese,estar,,estuviese
estar,VMSP2S0U0,esté,estar,,esté
estar,VMII2S0U0,estaba,estar,,estaba
estar,VMSP3S000,esté,estar,,esté
estar,VMSP3P000,estén,estar,,estén
estar,VMSP1S000,esté,estar,,esté
estar,VMSI3S000,estuviera,estar,,estuviera
estar,VMSI3S000,estuviese,estar,,estuviese
estar,VMSI3P000,estuvieran,estar,,estuvieran
estar,VMSI3P000,estuviesen,estar,,estuviesen
estar,VMSI1S000,estuviera,estar,,estuviera
estar,VMSI1S000,estuviese,estar,,estuviese
estar,VMSI1P000,estuviéramos,estar,,estuviéramos
estar,VMSI1P000,estuviésemos,estar,,estuviésemos
estar,VMSF3S000,estuviere,estar,,estuviere
estar,VMSF3P000,estubieren,estar,,estubieren
estar,VMSF3P000,estuvieren,estar,,estuvieren
estar,VMSF1S000,estuviere,estar,,estuviere
estar,VMSF1P000,estuviéremos,estar,,estuviéremos
estar,VMM03S000,esté,estar,,esté
estar,VMM03P000,estén,estar,,estén
estar,VMIS3S000,estuvo,estar,,estuvo
estar,VMIS3P000,estuvieron,estar,,estuvieron
estar,VMIS1S000,estuve,estar,,estuve
estar,VMIS1P000,estuvimos,estar,,estuvimos
estar,VMIP3S000,está,estar,,está
estar,VMIP3P000,están,estar,,están
estar,VMIP1S000,estoy,estar,,estoy
estar,VAII3S000,estaba,estar,,estaba
estar,VMII3P000,estaban,estar,,estaban
estar,VMII1S000,estaba,estar,,estaba
estar,VMII1P000,estabamos,estar,,estabamos
estar,VAIS1S000,estuve,estar,,estuve
estar,VMIP2P0B0,estáis,estar,,estáis
estar,VMIP2P0W0,están,estar,,están
estar,VMIP2S0T0,estás,estar,,estás
estar,VMIP2S0V0,estás,estar,,estás
estar,VMIS2P0B0,estuvísteis,estar,,estuvísteis
estar,VMIS2P0W0,estuvieron,estar,,estuvieron
estar,VMIS2S0T0,estuviste,estar,,estuviste
estar,VMIS2S0V0,estuviste,estar,,estuviste
estar,VMIS2S0V0,estuvistes,estar,,estuvistes
estar,VMM02P0W0,estén,estar,,estén
estar,VMM02S0T0,está,estar,,está
estar,VMM02S0U0,esté,estar,,esté
estar,VMM02S0V0,está,estar,,está
estar,VMSF2P0B0,estuviereis,estar,,estuviereis
estar,VMSF2P0W0,estuvieren,estar,,estuvieren
estar,VMSF2S0T0,estuvieres,estar,,estuvieres
estar,VMSF2S0V0,estuvieres,estar,,estuvieres
estar,VMSI2P0B0,estuviérais,estar,,estuviérais
estar,VMSI2P0B0,estuviéseis,estar,,estuviéseis
estar,VMSI2P0W0,estuvieran,estar,,estuvieran
estar,VMSI2P0W0,estuviesen,estar,,estuviesen
estar,VMSI2S0T0,estuvieras,estar,,estuvieras
estar,VMSI2S0T0,estuvieses,estar,,estuvieses
estar,VMSI2S0V0,estuvieras,estar,,estuvieras
estar,VMSI2S0V0,estuvieses,estar,,estuvieses
estar,VMSP2P0B0,estéis,estar,,estéis
estar,VMSP2P0W0,estén,estar,,estén
estar,VMSP2S0T0,estés,estar,,estés
estar,VMSP2S0V0,estés,estar,,estés
estar,VMII2P0B0,estabais,estar,,estabais
estar,VMII2P0W0,estaban,estar,,estaban
estar,VMII2S0T0,estabas,estar,,estabas
estar,VMII2S0T0,estabai,estar,,estabai
estar,VMII2S0V0,estabas,estar,,estabas
haber,VAIC2P0B0,habríais,haber,,habríais
haber,VAIC2P0W0,habrían,haber,,habrían
haber,VAMS200T0,hayas,haber,,hayas
haber,VAMS200V0,hayas,haber,,hayas
haber,VAIC2S0U0,habría,haber,,habría
haber,VAIF2S0U0,habrá,haber,,habrá
haber,VAIP2S0U0,ha,haber,,ha
haber,VAIS2S0U0,hubo,haber,,hubo
haber,VAMS200U0,haya,haber,,haya
haber,VASF2S0U0,hubiere,haber,,hubiere
haber,VASI2S0U0,hubiera,haber,,hubiera
haber,VASI2S0U0,hubiese,haber,,hubiese
haber,VASP2S0U0,haya,haber,,haya
haber,VAII2S0U0,había,haber,,había
haber,VASP3S000,haya,haber,,haya
haber,VASP3P000,hayan,haber,,hayan
haber,VASP1S000,haya,haber,,haya
haber,VASP1P000,hayamos,haber,,hayamos
haber,VASI3S000,hubiera,haber,,hubiera
haber,VASI3S000,hubiese,haber,,hubiese
haber,VASI3P000,hubieran,haber,,hubieran
haber,VASI3P000,hubiesen,haber,,hubiesen
haber,VASI1S000,hubiera,haber,,hubiera
haber,VASI1S000,hubiese,haber,,hubiese
haber,VASI1P000,hubiéramos,haber,,hubiéramos
haber,VASI1P000,hubiésemos,haber,,hubiésemos
haber,VASF3S000,hubiere,haber,,hubiere
haber,VASF3P000,hubieren,haber,,hubieren
haber,VASF1S000,hubiere,haber,,hubiere
haber,VASF1P000,hubiéremos,haber,,hubiéremos
haber,VAIS3S000,hubo,haber,,hubo
haber,VAIS3P000,hubieron,haber,,hubieron
haber,VAIS1S000,hube,haber,,hube
haber,VAIS1P000,hubimos,haber,,hubimos
haber,VAIP3S000,ha,haber,,ha
haber,VAIP3P000,han,haber,,han
haber,VAIP1S000,he,haber,,he
haber,VAIP1P000,hemos,haber,,hemos
haber,VAIP00000,hay,haber,,hay
haber,VAII3S000,había,haber,,había
haber,VAII3P000,habían,haber,,habían
haber,VAII1S000,había,haber,,había
haber,VAII1P000,habíamos,haber,,habíamos
haber,VAIF3S000,habrá,haber,,habrá
haber,VAIF3P000,habrán,haber,,habrán
haber,VAIF1S000,habré,haber,,habré
haber,VAIF1P000,habremos,haber,,habremos
haber,VAIC3S000,habría,haber,,habría
haber,VAIC3P000,habrían,haber,,habrían
haber,VAIC1S000,habría,haber,,habría
haber,VAIC1P000,habríamos,haber,,habríamos
haber,VAIC2S0T0,habrías,haber,,habrías
haber,VAIC2S0V0,habrías,haber,,habrías
haber,VAIF2P0B0,habreis,haber,,habreis
haber,VAIF2P0W0,habrán,haber,,habrán
haber,VAIF2S0T0,habrás,haber,,habrás
haber,VAIF2S0V0,habrás,haber,,habrás
haber,VAIP2P0B0,habeis,haber,,habeis
haber,VAIP2P0W0,han,haber,,han
haber,VAIP2S0T0,has,haber,,has
haber,VAIP2S0V0,has,haber,,has
haber,VAIS2P0B0,hubísteis,haber,,hubísteis
haber,VAIS2P0W0,hubieron,haber,,hubieron
haber,VAIS2S0T0,hubiste,haber,,hubiste
haber,VAIS2S0T0,hubistei,haber,,hubistei
haber,VAIS2S0V0,hubiste,haber,,hubiste
haber,VAIS2S0V0,hubistes,haber,,hubistes
haber,VASF2P0B0,hubiéreis,haber,,hubiéreis
haber,VASF2P0W0,hubieren,haber,,hubieren
haber,VASF2S0T0,hubieres,haber,,hubieres
haber,VASF2S0V0,hubieres,haber,,hubieres
haber,VASI2P0B0,hubierais,haber,,hubierais
haber,VASI2P0B0,hubieseis,haber,,hubieseis
haber,VASI2P0W0,hubieran,haber,,hubieran
haber,VASI2P0W0,hubiesen,haber,,hubiesen
haber,VASI2S0T0,hubieras,haber,,hubieras
haber,VASI2S0T0,hubieses,haber,,hubieses
haber,VASI2S0V0,hubieras,haber,,hubieras
haber,VASI2S0V0,hubieses,haber,,hubieses
haber,VASP2P0B0,hayáis,haber,,hayáis
haber,VASP2P0W0,hayan,haber,,hayan
haber,VASP2S0T0,hayas,haber,,hayas
haber,VASP2S0V0,hayas,haber,,hayas
haber,VAII2P0B0,habiais,haber,,habiais
haber,VAII2P0W0,habian,haber,,habian
haber,VAII2S0T0,habiai,haber,,habiai
haber,VAII2S0T0,había,haber,,había
haber,VAII2S0V0,habías,haber,,habías
ir,VMIC2S0U0,irías,ir,,irías
ir,VMIF2S0U0,irá,ir,,ira
ir,VMII2S0U0,iba,ir,,iba
ir,VMIP2S0U0,va,ir,,va
ir,VMIS2S0U0,fue,ir,,fue
ir,VMSF2S0U0,fuere,ir,,fuere
ir,VMSI2S0U0,fuera,ir,,fuera
ir,VMSI2S0U0,fuese,ir,,fuese
ir,VMSP2S0U0,vaya,ir,,vaya
ir,VSM02S0U0,vaya,ir,,vaya
ir,VSM03S000,vaya,ir,,vaya
ir,VMSP3S000,vaya,ir,,vaya
ir,VMSP3P000,vayan,ir,,vayan
ir,VMSP1S000,vaya,ir,,vaya
ir,VMSP1P000,vayamos,ir,,vayamos
ir,VMSI3S000,fuera,ir,,fuera
ir,VMSI3S000,fuese,ir,,fuese
ir,VMSI3P000,fueran,ir,,fueran
ir,VMSI3P000,fuesen,ir,,fuesen
ir,VMSI1S000,fuera,ir,,fuera
ir,VMSI1S000,fuese,ir,,fuese
ir,VMSI1P000,fuéramos,ir,,fuéramos
ir,VMSI1P000,fuésemos,ir,,fuésemos
ir,VMSF3S000,fuere,ir,,fuere
ir,VMSF3P000,fueren,ir,,fueren
ir,VMSF1S000,fuere,ir,,fuere
ir,VMSF1P000,fuéremos,ir,,fuéremos
ir,VMP000000,ido,ir,,ido
ir,VMM03S000,vaya,ir,,vaya
ir,VMM03P000,vayan,ir,,vayan
ir,VMM01P000,vamos,ir,,vamos
ir,VMM01P000,vayamos,ir,,vayamos
ir,VMIS3S000,fue,ir,,fue
ir,VMIS3P000,fueron,ir,,fueron
ir,VMIS1S000,fui,ir,,fui
ir,VMIS1P000,fuimos,ir,,fuimos
ir,VMIP3S000,va,ir,,va
ir,VMIP3P000,van,ir,,van
ir,VMIP1S000,voy,ir,,voy
ir,VMIP1P000,vamos,ir,,vamos
ir,VMII3S000,iba,ir,,iba
ir,VMII3P000,iban,ir,,iban
ir,VMII1S000,iba,ir,,iba
ir,VMII1P000,íbamos,ir,,íbamos
ir,VMIF3S000,irá,ir,,partirá
ir,VMIF3P000,irán,ir,,partirán
ir,VMIF1S000,iré,ir,,partiré
ir,VMIF1P000,iremos,ir,,partiremos
ir,VMIC3S000,iría,ir,,iría
ir,VMIC3P000,irían,ir,,irían
ir,VMIC1S000,iría,ir,,iría
ir,VMIC1P000,iríamos,ir,,iríamos
ir,VMG000000,yendo,ir,,
ir,VMIC2P0B0,iríais,ir,,iríais
ir,VMIC2P0W0,irían,ir,,irían
ir,VMIC2S0T0,iríai,ir,,iríai
ir,VMIC2S0T0,irías,ir,,irías
ir,VMIC2S0V0,irías,ir,,irías
ir,VMIF2P0B0,iréis,ir,,partiréis
ir,VMIF2P0W0,irán,ir,,partirán
ir,VMIF2S0T0,irás,ir,,iras
ir,VMIF2S0V0,irás,ir,,irás
ir,VMII2P0B0,ibais,ir,,ibais
ir,VMII2P0W0,iban,ir,,iban
ir,VMII2S0T0,ibas,ir,,ibas
ir,VMII2S0V0,ibas,ir,,ibas
ir,VMIP2P0B0,vais,ir,,vais
ir,VMIP2P0W0,van,ir,,van
ir,VMIP2S0T0,vas,ir,,vas
ir,VMIP2S0V0,vas,ir,,vas
ir,VMIS2P0B0,fuisteis,ir,,fuisteis
ir,VMIS2P0W0,fueron,ir,,fueron
ir,VMIS2S0T0,fuiste,ir,,fuiste
ir,VMIS2S0T0,fuistei,ir,,fuistei
ir,VMIS2S0V0,fuiste,ir,,fuiste
ir,VMIS2S0V0,fuistes,ir,,fuistes
ir,VMM02P0B0,id,ir,,id
ir,VMM02P0W0,vayan,ir,,vayan
ir,VMM02S0T0,ve,ir,,ve
ir,VMM02S0U0,vaya,ir,,vaya
ir,VMM02S0V0,andá,ir,,andá
ir,VMSF2P0B0,fuéreis,ir,,fuéreis
ir,VMSF2P0W0,fueren,ir,,fueren
ir,VMSF2S0T0,fueres,ir,,fueres
ir,VMSF2S0V0,fueres,ir,,fueres
ir,VMSI2P0B0,fuerais,ir,,fuerais
ir,VMSI2P0B0,fueseis,ir,,fueseis
ir,VMSI2P0W0,fueran,ir,,fueran
ir,VMSI2P0W0,fuesen,ir,,fuesen
ir,VMSI2S0T0,fueras,ir,,fueras
ir,VMSI2S0T0,fueses,ir,,fueses
ir,VMSI2S0V0,fueras,ir,,fueras
ir,VMSI2S0V0,fueses,ir,,fueses
ir,VMSP2P0B0,vayáis,ir,,vayáis
ir,VMSP2P0W0,vayan,ir,,vayan
ir,VMSP2S0T0,vayas,ir,,vayas
ir,VMSP2S0V0,vayas,ir,,vayas
ir,VSM02P0W0,vayan,ir,,vayan
ir,VSM02S0T0,ve,ir,,ve
ir,VSM02S0V0,ve,ir,,ve
partir,VMIS2S0V0,istes,ir,,partistes
partir,VMIC2S0T0,iríai,ir,,partiríai
partir,VMIC2S0T0,irías,ir,,partirías
partir,VMIF2S0T0,iréi,ir,,partiréi
partir,VMII2S0T0,íai,ir,,partíai
partir,VMIP2S0T0,í,ir,,partí
partir,VMIS2S0T0,istei,ir,,partistei
partir,VMSI2S0T0,iérai,ir,,partiérai
partir,VMSI2S0T0,iései,ir,,partiései
partir,VMSP2S0T0,ái,ir,,partái
partir,VMSF2S0V0,ieres,ir,,partieres
partir,VMSI2S0V0,ieras,ir,,partieras
partir,VMSI2S0V0,ieses,ir,,partieses
partir,VMSP2S0T0,as,ir,,partas
partir,VMSP2S0V0,as,ir,,partas
partir,VMSF2S0T0,ieres,ir,,partieres
partir,VMSI2S0T0,ieras,ir,,partieras
partir,VMSI2S0T0,ieses,ir,,partieses
partir,VMIC2S0U0,iría,ir,,partirías
partir,VMIF2S0U0,irá,ir,,partirá
partir,VMII2S0U0,ía,ir,,partía
partir,VMIP2S0U0,e,ir,,parte
partir,VMIS2S0U0,ió,ir,,partió
partir,VMSF2S0U0,iere,ir,,partiere
partir,VMSI2S0U0,iera,ir,,partiera
partir,VMSI2S0U0,iese,ir,,partiese
partir,VMSP2S0U0,a,ir,,parta
partir,VMSP3S000,a,ir,,parta
partir,VMSP3P000,an,ir,,partan
partir,VMSP1S000,a,ir,,parta
partir,VMSP1P000,amos,ir,,partamos
partir,VMSI3S000,iera,ir,,partiera
partir,VMSI3S000,iese,ir,,partiese
partir,VMSI3P000,ieran,ir,,iríai
partir,VMSI3P000,iesen,ir,,irían
partir,VMSI1S000,iera,ir,,iría
partir,VMSI1S000,iese,ir,,iría
partir,VMSI1P000,iéramos,ir,,partiéramos
partir,VMSI1P000,iésemos,ir,,partiésemos
partir,VMSF3S000,iere,ir,,partiere
partir,VMSF3P000,ieren,ir,,partieren
partir,VMSF1S000,iere,ir,,partiere
partir,VMSF1P000,iéremos,ir,,partiéremos
partir,VMP000000,ido,ir,,
partir,VMM03S000,a,ir,,parta
partir,VMM03P000,an,ir,,partan
partir,VMM01P000,amos,ir,,partamos
partir,VMIS3S000,ió,ir,,partió
partir,VMIS3P000,ieron,ir,,partieron
partir,VMIS1S000,í,ir,,partí
partir,VMIS1P000,imos,ir,,partimos
partir,VMIP3S000,e,ir,,parte
partir,VMIP3P000,en,ir,,parten
partir,VMIP1S000,o,ir,,parto
partir,VMIP1P000,imos,ir,,partimos
partir,VMII3S000,ía,ir,,partía
partir,VMII3P000,ían,ir,,partían
partir,VMII1S000,ía,ir,,partía
partir,VMII1P000,íamos,ir,,partíamos
partir,VMIF3S000,irá,ir,,partirá
partir,VMIF3P000,irán,ir,,partirán
partir,VMIF1S000,iré,ir,,partiré
partir,VMIF1P000,iremos,ir,,partiremos
partir,VMIC3S000,iría,ir,,partiría
partir,VMIC3P000,irían,ir,,partirían
partir,VMIC1S000,iría,ir,,partiría
partir,VMIC1P000,iríamos,ir,,partiríamos
partir,VMG000000,iendo,ir,,partiendo
partir,VMIC2P0B0,iríais,ir,,partiríais
partir,VMIC2P0W0,irían,ir,,partirían
partir,VMIC2S0V0,irías,ir,,partirías
partir,VMIF2P0B0,iréis,ir,,partiréis
partir,VMIF2P0W0,irán,ir,,partirán
partir,VMIF2S0T0,irás,ir,,partirás
partir,VMIF2S0V0,irás,ir,,partirás
partir,VMII2P0B0,íais,ir,,partíais
partir,VMII2P0W0,ían,ir,,partían
partir,VMII2S0T0,ías,ir,,partías
partir,VMII2S0V0,ías,ir,,partías
partir,VMIP2P0B0,ís,ir,,partís
partir,VMIP2P0W0,en,ir,,parten
partir,VMIP2S0T0,es,ir,,partes
partir,VMIP2S0V0,ís,ir,,partís
partir,VMIS2P0B0,isteis,ir,,partisteis
partir,VMIS2P0W0,ieron,ir,,partieron
partir,VMIS2S0T0,íste,ir,,partiste
partir,VMIS2S0V0,iste,ir,,partiste
partir,VMM02P0B0,id,ir,,partid
partir,VMM02P0W0,an,ir,,partan
partir,VMM02S0T0,e,ir,,parte
partir,VMM02S0U0,a,ir,,parta
partir,VMM02S0V0,í,ir,,partí
partir,VMSF2P0B0,iéreis,ir,,partiéreis
partir,VMSF2P0W0,ieren,ir,,partieren
partir,VMSI2P0B0,iérais,ir,,partiérais
partir,VMSI2P0B0,iéseis,ir,,partiéseis
partir,VMSI2P0W0,ieran,ir,,partieran
partir,VMSI2P0W0,iesen,ir,,partiesen
partir,VMSP2P0B0,áis,ir,,partáis
partir,VMSP2P0W0,an,ir,,partan
querer,VMIC2S0U0,rría,rer,,
querer,VMIF2S0U0,rrá,rer,,
querer,VMIP2S0U0,iere,erer,,
querer,VMIS2S0U0,izo,erer,,
querer,VMSI2S0U0,isieras,erer,,
querer,VMSI2S0U0,isieses,erer,,
querer,VMSP2S0U0,iera,erer,,
querer,VMSP3S000,iera,erer,,
querer,VMSP3P000,ieran,erer,,
querer,VMSP1S000,iera,erer,,
querer,VMSI3S000,isiera,erer,,
querer,VMSI3S000,isiese,erer,,
querer,VMSI3P000,isieran,erer,,
querer,VMSI3P000,isiesen,erer,,
querer,VMSI1S000,isiera,erer,,
querer,VMSI1S000,isiese,erer,,
querer,VMSI1P000,isiéramos,erer,,
querer,VMSI1P000,isiésemos,erer,,
querer,VMSF3S000,isiere,erer,,
querer,VMSF3P000,isieren,erer,,
querer,VMSF1S000,isiere,erer,,
querer,VMSF1P000,isiéremos,erer,,
querer,VMM03S000,quiera,querer,ie_e,quiera
querer,VMM03P000,quieran,querer,ie_e,quieran
querer,VMIS3S000,iso,erer,,
querer,VMIS3P000,isieron,erer,,
querer,VMIS1S000,ise,erer,,
querer,VMIS1P000,isimos,erer,,
querer,VMIP3S000,iere,erer,,
querer,VMIP3P000,ieren,erer,,
querer,VMIP1S000,iero,erer,,
querer,VMIF3S000,rrá,rer,,
querer,VMIF3P000,rrán,rer,,
querer,VMIF1S000,rré,rer,,
querer,VMIF1P000,rremos,rer,,
querer,VMIC3S000,rría,rer,,
querer,VMIC3P000,rrían,rer,,
querer,VMIC1S000,rría,rer,,
querer,VMIC1P000,rríamos,rer,,
querer,VMIC2P0B0,rríais,rer,,
querer,VMIC2P0W0,rrían,rer,,
querer,VMIC2S0T0,rrías,rer,,
querer,VMIC2S0V0,rrías,rer,,
querer,VMIF2P0B0,rráis,rer,,
querer,VMIF2P0B0,rréis,rer,,
querer,VMIF2P0W0,rrán,rer,,
querer,VMIF2S0T0,rrás,rer,,
querer,VMIF2S0V0,rrás,rer,,
querer,VMIP2P0W0,ieren,erer,,
querer,VMIP2S0T0,ieres,erer,,
querer,VMIP2S0V0,és,er,,querés
querer,VMIS2P0B0,isísteis,erer,,
querer,VMIS2P0W0,isieron,erer,,
querer,VMIS2S0T0,isiste,erer,,
querer,VMIS2S0T0,isistei,erer,,
querer,VMIS2S0V0,isiste,erer,,
querer,VMIS2S0V0,isistes,erer,,
querer,VMM02P0W0,quierais,querer,ie_e, 
querer,VMM02S0T0,quiere,querer,ie_e,
querer,VMM02S0U0,quiera,querer,ie_e,
querer,VMM02S0V0,quiere,querer,ie_e,
querer,VMSF2P0B0,isiéreis,erer,,
querer,VMSF2P0W0,isieren,erer,,
querer,VMSF2S0T0,isieres,erer,,
querer,VMSF2S0V0,isieres,erer,,
querer,VMSI2P0B0,isierais,erer,,
querer,VMSI2P0B0,isieseis,erer,,
querer,VMSI2P0W0,isieran,erer,,
querer,VMSI2P0W0,isiesen,erer,,
querer,VMSI2S0T0,isieras,erer,,
querer,VMSI2S0T0,isieses,erer,,
querer,VMSI2S0V0,isieras,erer,,
querer,VMSI2S0V0,isieses,erer,,
querer,VMSP2P0W0,ieran,erer,,
querer,VMSP2S0T0,ieras,erer,,
querer,VMSP2S0V0,ieras,erer,,
ser,VMIS2S0V0,,ser,,fuiste
ser,VMIC2S0U0,,ser,,sería
ser,VMIF2S0U0,,ser,,será
ser,VMII2S0U0,,ser,,era
ser,VMIP2S0U0,,ser,,es
ser,VMIS2S0U0,,ser,,fue
ser,VMSF2S0U0,,ser,,fuere
ser,VMSI2S0U0,,ser,,fuera
ser,VMSI2S0U0,,ser,,fuese
ser,VMSP2S0U0,,ser,,sea
ser,VMSP3S000,,ser,,sea
ser,VMSP3P000,,ser,,sean
ser,VMSP1S000,,ser,,sea
ser,VMSP1P000,,ser,,seamos
ser,VMSI3S000,,ser,,fuera
ser,VMSI3S000,,ser,,fuese
ser,VMSI3P000,,ser,,fueran
ser,VMSI3P000,,ser,,fuesen
ser,VMSI1S000,,ser,,fuera
ser,VMSI1S000,,ser,,fuese
ser,VMSI1P000,,ser,,fuéramos
ser,VMSI1P000,,ser,,fuesemos
ser,VMSI1P000,,ser,,fuésemos
ser,VMSF3S000,,ser,,fuere
ser,VMSF3P000,,ser,,fueren
ser,VMSF1S000,,ser,,fuere
ser,VMSF1P000,,ser,,fuéremos
ser,VMM03S000,sea,ser,,sea
ser,VMM03P000,sean,ser,,sean
ser,VMM01P000,seamos,ser,,seamos
ser,VMIS3S000,fue,ser,,fue
ser,VMIS3P000,fueron,ser,,fueron
ser,VMIS1S000,fui,ser,,fui
ser,VMIS1P000,fuimos,ser,,fuimos
ser,VMIP3S000,es,ser,,es
ser,VMIP3P000,son,ser,,son
ser,VMIP1S000,soy,ser,,soy
ser,VMIP1P000,somos,ser,,somos
ser,VMII3S000,era,ser,,era
ser,VMII3P000,eran,ser,,eran
ser,VMII1S000,era,ser,,era
ser,VMII1P000,éramos,ser,,éramos
ser,VMIF3S000,será,ser,,será
ser,VMIF3P000,serán,ser,,serán
ser,VMIF1S000,seré,ser,,seré
ser,VMIF1P000,seremos,ser,,seremos
ser,VMIC3S000,sería,ser,,sería
ser,VMIC3P000,serían,ser,,serían
ser,VMIC1S000,sería,ser,,sería
ser,VMIC1P000,seríamos,ser,,seríamos
ser,VMG000000,siendo,ser,,siendo
ser,VMIC2P0B0,seríais,ser,,seríais
ser,VMIC2S0T0,serías,ser,,serías
ser,VMIC2S0V0,serías,ser,,serías
ser,VMIF2P0B0,seréis,ser,,seréis
ser,VMIF2P0W0,serán,ser,,serán
ser,VMIF2S0T0,serás,ser,,serás
ser,VMIF2S0V0,serás,ser,,serás
ser,VMII2P0B0,erais,ser,,erais
ser,VMII2P0W0,eran,ser,,eran
ser,VMII2S0T0,eras,ser,,eras
ser,VMII2S0V0,eras,ser,,eras
ser,VMIP2P0B0,sois,ser,,sois
ser,VMIP2P0W0,son,ser,,son
ser,VMIP2S0T0,eres,ser,,eres
ser,VMIP2S0V0,sos,ser,,sos
ser,VMIS2P0B0,fuisteis,ser,,fuisteis
ser,VMIS2P0W0,fueron,ser,,fueron
ser,VMIS2S0T0,fuiste,ser,,fuiste
ser,VMIS2S0T0,fuistei,ser,,fuistei
ser,VMIS2S0V0,fuistes,ser,,fuistes
ser,VMM02P0W0,sean,ser,,sean
ser,VMM02P0W0,sed,ser,,sed
ser,VMM02S0T0,sé,ser,,sé
ser,VMM02S0U0,sea,ser,,sea
ser,VMM02S0V0,sé,ser,,sé
ser,VMSF2P0B0,fuereis,ser,,fuereis
ser,VMSF2P0W0,fueren,ser,,fueren
ser,VMSF2S0T0,fueres,ser,,fueres
ser,VMSF2S0V0,fueres,ser,,fueres
ser,VMSI2P0B0,fuerais,ser,,fuerais
ser,VMSI2P0B0,fueseis,ser,,fueseis
ser,VMSI2P0W0,fueran,ser,,fueran
ser,VMSI2P0W0,fuesen,ser,,fuesen
ser,VMSI2S0T0,fueras,ser,,fueras
ser,VMSI2S0T0,fueses,ser,,fueses
ser,VMSI2S0V0,fueras,ser,,fueras
ser,VMSI2S0V0,fueses,ser,,fueses
ser,VMSP2P0B0,seáis,ser,,seáis
ser,VMSP2P0W0,sean,ser,,sean
ser,VMSP2S0T0,seas,ser,,seas
ser,VMSP2S0V0,seas,ser,,seas
temer,VMIC2S0U0,ería,er,,temerías
temer,VMIF2S0U0,erá,er,,temerás
temer,VMII2S0U0,ía,er,,temíai
temer,VMIP2S0U0,e,er,,teme
temer,VMIS2S0U0,ió,er,,temió
temer,VMSF2S0U0,iere,er,,temieres
temer,VMSI2S0U0,iera,er,,temieras
temer,VMSI2S0U0,iese,er,,temieses
temer,VMSP2S0U0,a,er,,tema
temer,VMSP3S000,a,er,,tema
temer,VMSP3P000,an,er,,teman
temer,VMSP1S000,a,er,,tema
temer,VMSP1P000,amos,er,,temamos
temer,VMSI3S000,iera,er,,temiera
temer,VMSI3S000,iese,er,,temiese
temer,VMSI3P000,ieran,er,,temieran
temer,VMSI3P000,iesen,er,,temiesen
temer,VMSI1S000,iera,er,,temiera
temer,VMSI1S000,iese,er,,temiese
temer,VMSI1P000,iéramos,er,,temiéramos
temer,VMSI1P000,iésemos,er,,temiésemos
temer,VMSF3S000,iere,er,,temiere
temer,VMSF3P000,ieren,er,,temieren
temer,VMSF1S000,iere,er,,temiere
temer,VMSF1P000,iéremos,er,,temiéremos
temer,VMP000000,ido,er,,temido
temer,VMM03S000,a,er,,tema
temer,VMM03P000,an,er,,teman
temer,VMM01P000,amos,er,,temamos
temer,VMIS3S000,ió,er,,temió
temer,VMIS3P000,ieron,er,,temieron
temer,VMIS1S000,í,er,,temí
temer,VMIS1P000,imos,er,,temimos
temer,VMIP3S000,e,er,,teme
temer,VMIP3P000,en,er,,temen
temer,VMIP1S000,o,er,,temo
temer,VMIP1P000,emos,er,,tememos
temer,VMII3S000,ía,er,,temía
temer,VMII3P000,ían,er,,temían
temer,VMII1S000,ía,er,,temía
temer,VMII1P000,íamos,er,,temíamos
temer,VMIF3S000,erá,er,,temerá
temer,VMIF3P000,erán,er,,temerán
temer,VMIF1S000,eré,er,,temeré
temer,VMIF1P000,eremos,er,,temeremos
temer,VMIC3S000,ería,er,,temería
temer,VMIC3P000,erían,er,,temerían
temer,VMIC1S000,ería,er,,temería
temer,VMIC1P000,eríamos,er,,temeríamos
temer,VMG000000,iendo,er,,temiendo
temer,VMIC2P0B0,eríais,er,,temeríais
temer,VMIC2P0W0,erían,er,,temerían
temer,VMIC2S0T0,eríai,er,,temeríai
temer,VMIC2S0T0,erías,er,,temerías
temer,VMIC2S0V0,erías,er,,temerías
temer,VMIF2P0B0,eréis,er,,temeréis
temer,VMIF2P0W0,erán,er,,temerán
temer,VMIF2S0T0,erás,er,,temerás
temer,VMIF2S0T0,eréi,er,,temeréi
temer,VMIF2S0V0,erás,er,,temerás
temer,VMII2P0B0,íais,er,,temíais
temer,VMII2P0W0,ían,er,,temían
temer,VMII2S0T0,íai,er,,temíai
temer,VMII2S0T0,ías,er,,temías
temer,VMII2S0V0,ías,er,,temías
temer,VMIP2P0B0,éis,er,,teméis
temer,VMIP2P0W0,en,er,,temen
temer,VMIP2S0T0,éi,er,,teméi
temer,VMIP2S0T0,es,er,,temes
temer,VMIP2S0V0,és,er,,temés
temer,VMIS2P0B0,isteis,er,,temisteis
temer,VMIS2P0W0,ieron,er,,temieron
temer,VMIS2S0T0,iste,er,,temistei
temer,VMIS2S0T0,istei,er,,temistei
temer,VMIS2S0V0,iste,er,,temiste
temer,VMIS2S0V0,istes,er,,temistes
temer,VMM02P0B0,ed,er,,temed
temer,VMM02P0W0,an,er,,teman
temer,VMM02S0T0,e,er,,teme
temer,VMM02S0U0,a,er,,tema
temer,VMM02S0V0,é,er,,temé
temer,VMSF2P0B0,iéreis,er,,temiéreis
temer,VMSF2P0W0,ieren,er,,temieren
temer,VMSF2S0T0,ieres,er,,temieres
temer,VMSF2S0V0,ieres,er,,temieres
temer,VMSI2P0B0,iérais,er,,temiérais
temer,VMSI2P0B0,iéseis,er,,temiéseis
temer,VMSI2P0W0,ieran,er,,temieran
temer,VMSI2P0W0,iesen,er,,temiesen
temer,VMSI2S0T0,iérai,er,,temiérai
temer,VMSI2S0T0,ieras,er,,temieras
temer,VMSI2S0T0,iései,er,,temiései
temer,VMSI2S0T0,ieses,er,,temieses
temer,VMSI2S0V0,ieras,er,,temieras
temer,VMSI2S0V0,ieses,er,,temieses
temer,VMSP2P0B0,áis,er,,temáis
temer,VMSP2P0W0,an,er,,teman
temer,VMSP2S0T0,ái,er,,temái
temer,VMSP2S0T0,as,er,,temas
temer,VMSP2S0V0,as,er,,temas
